{"ave":41.559998,"std":22.369715}